Métrica,Valor
R² Treino,0.9871813312216788
R² Teste,0.904398629265374
MAE,0.09726705091258368
