Métrica,Valor
Intercepto,-0.021734926127762066
R² Treino,1.0
R² Teste,0.9857242586071044
MAE,0.034460863144189
