Métrica,Valor
Intercepto,-0.021734926127762066
R² (Treino),1.0
R² (Teste),0.9857242586071044
Previsão 1,0.30951183584765074
Previsão 2,0.8604967084231206
Previsão 3,0.885494809340199
Previsão 4,0.20099472353087725
Previsão 5,-0.0259800397321716
Valor Real 1,0.29034582132564846
Valor Real 2,0.8256484149855907
Valor Real 3,0.8919308357348703
Valor Real 4,0.2853025936599425
Valor Real 5,0.0
